<?xml version="1.0" encoding="UTF-8" ?>
<module>
    <name>brlcustomblocks</name>
    <displayName><![CDATA[Blocs HTML personnalis&eacute;s]]></displayName>
    <version><![CDATA[1.0.2]]></version>
    <description><![CDATA[Ce module vous permet de cr&eacute;er vos propres blocs et de les placer o&ugrave; vous le souhaitez.]]></description>
    <author><![CDATA[Autour du digital]]></author>
    <tab><![CDATA[front_office_features]]></tab>
    <is_configurable>1</is_configurable>
    <need_instance>0</need_instance>
	<limited_countries></limited_countries>
</module>